6U08	GSYALGPYQISAPQLPAYNGQTVGTFYYVNDAGGLESKVFSSGGPTPYPNYANAGHVEGQSALFMRDNGISEGLVFHNNPEGTCGFCVNMTETLLPENAKMTVVPPEGAIPVKRGATGETKVFTGNSNSPKSP
XYI6	NLTPNLPNSVEKDVEVVEIAEKQAVVKSDTSNLKQSNMSITDRLAKQKEKQDNTNIIDNRPKLPDYDGKTTHGILVTPNSEHIPFSSGNPNPNYKNYIPASHVEGKSAIYMRENGITSGTIYYNNTDGTCPYCDKMLSTLLEEGSVLEVIPPINAKAPKPSWVDKPKTYIGNNKVPKPNK
XG57	LLKDIDTKREAEEAALLREAYPSMEGATLPPFDGKTTIGLMFYTDASGQYQVKKLFSGEKVLSNYDATGHVEGKAALIMRNEKITEAVVMHNHPSGTCNYCDKQVETLLPKNATLRVIPPENAKAPTSYWNDQPTTYRGDGKDPKAPSKK
FZY2	MSLPEYDGTTTHGVLVLDDGTQIGFTSGNGDPRYTNYRNNGHVEQKSALYMRENNISNATVYHNNTNGTCGYCNTMTATFLPEGATLTVVPPENAVANNSRAIDYVKTYTGTSNDPKISPRYKGN
Q2L7	IILATLPIGKVGKLRFAPKVESAESMLRSLSQEGKTAGVLDINGELIPLVSGTSSLKNYAASGHVEGQAALIMRERGVASARLIIDNPSGICGYCRSQVPTLLPAGATLEVTTPRGTVPPTARWSNGKTFVGNENDPKPWPR
HK75	PARIDQPLRYAGQYADDSTELHYNTFRFYDPDVGRFINQDPIGLMGGLNLYQYAPNSIAWTDWWGLAGSYTLGSYQISAPQLPAYNGQTVGTFYYVNGAGGLESRTFSSGGPTPYPNYANAGHVEGQSALFMRDNGISDGLVFHNNPEGTCGFCVNMTETLLPENSKLTVVPPEGAIPVKRGATGETRTFTGNSKSPKSPVKGEC
UYE9	PARIDQPLRYAGQYADDSTELHYNTFRFYDPDVGRFINQDPIGLMGGLNLYQYAPNSIAWTDWWGLAGSYTLGSYQISAPQLPAYNGQTVGTFYYVNDAGGLESRTFSSGGPTPYPNYANAGHVEGQSALFMRDNGISDGLVFHNNPEGTCGFCVNMTETLLPENSKLTVVPPEGSIPVKRGATGETRTFTGNSKSPKSPVKGGC
QQV2	MSFSSGGPTPYPNYANAGHVEGQSALFMRDNGISEGLVFHNNPEGTCGFCVNMTETLLPENAKMTVVPPEGAIPVKRGATGETKVFARNSNSQKSPAKGGC
UJV7	MGLVMEAPQGKGRTRANGEHVETHAAAFLRMNPGVRTAVLCIDYPTGTCGTCRSTLPDMMPEGVQLWVISRRTTEKFTGLPD
H5T6	MGILDVGGDQLPMISGPGGQSGLLKNLPGRIKANAEHVETHAAAFLRMNPGVRKAMLYIDYPTGACGACRSTLPDMLPEGAQLWVISPRKTEKFVGLPD
KCU5	MADKPLTLGVLRTPAGEFELASGWNGYGGMMAKGASGFDIVTRTHVEGQAAALMQKQGIQEGLLYINNPVICPSCMRNLPLMLSPDKYLIVVPFNGSGVNFMGVAK
JRI9	MKNVDPTRGILDINGAEYQLKSGRPFPTGVYDYGKVDLSEDVQIALKHVEGHIASIMQENNISVAHVYINYIGGPCQFCRGQGMDTSEQELLGEGEMLFVTYPLPITHGKYWTWRFCHFIV
Z4S0	EQCRGAVQQMDHVTSGVLDIQVDVVPFGSGPRSGGFVDDMGDWVPGMTQSNFHHVEMQAAAYMRRNDIKRGVLYINHPDGICQFCNGSAYTRPGGPPVRPIEDALPTGAQMWVYNQDGRFLGRFTGNYR
KZF3	NLDRQAQAEEPDRDTPRTVGILDVGNELLPFISGSHDGEGSNGRAPGTANGFSTHVEAKVAAFLHQNPHIRVAVLYVSYAGGACSTCARTLPAMLPTGVTLHVYGPNRRGGGWSSLPYVGN
PGG0	TECQLVLNEEMKPVTSGILDIQVDEVPFASGPRQGGFVDDMGARVPGMTGTNFHHVEMQAAAYMRLNKLKKGVLYINHPEGICTSCTGAAYTRPGGPPVKPIEDALPEGAEMWIYNKAGQFLGKFTGNEL
C918	QTHLTSGVLDIQVDQIPLGSGENAGGFLSRDNNAALGVNGVVDWRSIPGMTKENYHHVEMQAAAYMRLNNIRLGRLYINYKSGACGYCDGRWYHGGVNIEDALPHGAQLWVTVAGGRTVRYVGNRS
CFI9	PGHDGAVGSLLVEGRPPMRIKSGVDGGPSGGTHRGGIPRGEGHAFTAGGPSQGNIATHVEGHSAAIMHQQGIQRATLVVSQPECKVCAANLPSALPPGAELRVIHPGGSETIYRANHAR
L3C8	LRPSDRTETGMLYIPGLRSNPVKSGFEGGPWVGTQRGHVPRGKGSGYSSGAPSQGNIGTHVEGHAIQKMWEVGAKKAVLVVGSKPCGVCLRSIKNALPKGAELEVIYPAPNNPGSWNSSHFKGNEW
XU80	ANGLPIWEVKLVNGKEVKQSTFGKLEIGGKILYIKSAEGYPSLMLKNNPRIPTNARSYTHVEGRAASIMRQSGIKSAKLTINNTNGVCDPCRGNMEKSLLPDGGKLNVRYPDGQGGYTQRILIKR
L9D3	ALAEAREDALLREQFPSMDAVTLPPFDGKTTIGYMFYTDANGQYHVRKLYSGGKVLSNYDSSGHVEGMAALIMRKGRITEAVVMHNHPSGTCHYCNGQVETLLPKNAKLKVIPPANAKAPTKYWYDQPVDYLGNSNDPKPPS
M331	PGAKLPPGRPTKEDLQQGIGLLPKDYINRTVGILDVGGDQLPLISGSGQSQLLKTLPGRTSENSKHVEAHAAAFLRMNKGIRQAVLYIDYPEGACGYCRSALPTMLPPGTKLWIVSPRGTEKYVGNWR
HR14	GHGLSTTGKNVLGHFEPTPTTPQGTSSDTIAEMLNSASQPGRTAGVLDIDGELTPLTSGRPSLPNYIASGHVEGQAAMIMRQQQVQSATVYHDNPNGTCGYCYSQLPTLLPEGAALDVVPPAGTVPPSNRWHNGGPSFIGNSSEPKPWPR
MLA9	DIHTYYVLAGQTPVLVHNANCGPHLKDLQKDYPRRTVGILDVGTDQLPMISGPGGQSGLLKNLPGRTKANGEHVETHAAAFLRMNPGVRKAVLYIDYPTGTCGTCRSTLPDMLPEGVQLWVISPRRTEKFTGLPD
G4L8	DLHTYYVLAGQTPVLVHNANCGPHLKDLQKDYPRRTVGILDVGTDQLPMISGPGGQSGLLKNLPGRTKANGEHVETHAAAFLRMNPGVRKAVLYIDYPTGTCGTCRSTLPDMLPEGVQLWVISPRRTEKFTGLPD
P7M9	DLHTYYVLAGETPVLVHNANCGPRLKDLQKDYPRRTVGILDVGTDQLPMISGPGGQSGLLKNLPGRTKANGEHVETHAAAFLRMNPGIRKAVLYIDYPTGTCGTCRSTLPDMLPEGVQLWVISPRRTEKFTGLPD
RG11	GLHTYYVLAGQTPVLVHNANCGPNLKDLQKDYPRRTVGILDVGTDQLPMISGPGGQSGLLKNLPGRTKANGEHVETHAAAFLRMNSGIRKAVLYIDYPTGTCRTCKSTLPDMLPEGVQLWVISPRRTEKFTGLPD
T504	GLHTYHVLAGRTPVLVHNANCGPHLKDLQKDYPRRTVGILDVGTDQLPMISGPGGQSGLLKNLPGRTKANGEHVETHGAAFLRMNPGIRKAVLYIDYPTGTCGTCRSTLPDMLPEGVQLWVISPRRTEKFTGLPD
JXM3	LAAIFGTKAGGSGRPKTKANIGLSLKDLNKDYPRRTVGILDVGHDQLPMISGPGGQSAVLKNLPGRTKVNAEHVETHAAAFLRMNPGVKKAVLYIDYPTGTCGTCGRTLPDMLPEGVEMRVISPKKTEIFVGLPD
S3U1	LTVHQLHTYYVLAGRTPVLVHNANCGPALKDLEKDYPRRTVGILDVGNDQLPMISGPGGQSDLLDNLPGRTKANFNHVETHAAAFLRMNPGIRKAVLYIDYPTGACGTCASTLPDMLPEGAQLWVISPGRTEKFVGLPD
FE83	AAGTSVLNHNTSGEACEVWASEQTHQTSGVLDTQVEQIPLGSGPDSGGFLSRDGNAARDTNGVVDWRTIPGMTEQNRHHVEMQAAAYMRLNNIRQGRVYINHPDGVCGYCDGRFDYGGINIEDALPHGADLWVTVAGGGTTHFRGNRR
C153	HNLTVGDLHTFYVVAAGTSVLNHNTSGQACEVWTSQQTHQTSGVLDTQVDQIPLGSGPDSGGFLSQDSNAVSGTNGVVDWRTIPGMTQENRHHVEMQAAAYMRLNNIRQGRVYINHPGGVCGYCDGRFYQGGVNIEDALPHGAELWVTVVGGGTTYFRGNRR
WC03	DVNGNVLLVENFDVELTDEPTTVYNFQVEDFHTYHVGKCRLLVHNANCNQEKPVLPKYDGKTTEGVMVTPDGKQISFKSGNSSTPSYPQYKAQSASHVEGKAALYMRENGINEATVFHNNPNGTCGFCDRQVPALLPKGAKLTVVPPSNSVANNVRAIPVPKTYIGNSTVPKIK
JV42	RWTAPQARVHNLTVSDVHTYYVLAGIAPVLVHNCEDMDDHARASENAAFSKNPEKATGGVLHIDGHGSFDLDSASLHPAVRADILRSGVGRVGDDFYGSHVEIQAAFLMRKFGGEGAVGRLMITHERGMCGFCRGNVASLLPAGASLTVRFGRAGRFFQAGRYFG
RVN8	RWWNSTANRAATPQEAAAANRAVAAARAPASTRYVINNGLPPSLPSYTLNNPHGRVTGLLIFQEGGQTKYVRLVSGENNARAARLASARNLPGANNANWHHVEFQALEIMRQRGITNATLLHNYPNGLPCGACMPIRGGVRDLSRLQGSLSSGSELNIFGLVPSPAGSTRSPWMVSPAGSVRVTGTW
R3M3	HRVIELITTYRRGLEIQQAVDSTPPSAAHPSTVGRIPTDAARDRTWADQVRKRLPKWMDGNQTTGFGYDHDGTEHRMTSGYDLSLSEPARLTLHNSETFPTDDRGAPTVTLHVEVKYAQMMRRAGQTYGVVIINKLMCDGCRDAVPEILPQGSVLAVWEPGAAQPHILKGAARP
QKZ8	SRVIELITTYRRGLEVQSAVDSTPPSAAHPSTAGRIPTDAAHDRDWANQVRKRLPKWMDGHQTTGFGYDCDGTEHRITSGYDLSLSEPARLALHNSETFPTDDRGAPTVTLHVEVKYAQMMRRAGQTYGVVIINKLMCDGCRDAVPEILPQGSVLAVWEPGAAQPHILKGAARP
HSX7	GWAVVVVLVVIVAKSCGIDLIPFSDDGCDAASDAVAHAESSECEDLKQAALDPNWATQQQERPELVRGKTTTGLFFELSPDDYIALSSGSDDLSERAASLLRDIGYDNPDPNPATHVEAKIAAKMHDASTLFGVLVINNTFVCGGCNDAVRALLPEGATLWIWTKSARQVLVIKGRG
QKA9	TDDVLALSETTREHLVSYLATLGMTDDQPPPSLPHPSTHPRIPTHTSHDHSWIEQVRQRLPEHTGGQTTGLTYDQDGTELQVNSGRDPKLSEQARLILHNSERFPTDDRGEPTVTMHVEVKYALMMRQAGQTYGVVVLNNELCRGCEKAVPEILPKGSTLKVWHPGTPETITLRGKARP
RZG6	IDDVLALSETTRGHLVSYLATLGMTEDQPPPSLPHPSTHPRIPTDASRDRSWIEQVRQRLPEHTGGQTTGLTYDQDGTELQVNSGRDPKLSEQARLILHNSERFPTDDRGEPTVTMHVEVKYALMMRQAGQTYGVVVLNNELCRGCEKAVPEILPKGSTLKVWHPGTPETITLRGKARP
J3E1	GLSGIASSATKGSVLVRQLDDVGRNLDDVVEVAEDVSKSSIDLNKIASESTKKAREFYPEHKGAVGSLFTEESADPMLIKSGVEGGPWGGTQRGGIPRGKTYGFTSGGPSQGNIATHVEGHSAAIMHQRGLKKGVLFVDRAICSICSRDLPDALPAGSTLRVITPEGTTTFRSSHFK
Q3M4	ELIHAYQAGHRVIELITTYRRCLEVQQAIDTIPPSAAHPSTAGRVPTDAARDPKWADQIRKRLPSRGDGGQTIGFGFDRDGTELHITSGHDVSLSEPARLTLHNSRNFWTDSRGAPTVTLHVEVKYVEMMRQAGQTYGVVVVNNEVCMGCRSAVPELLPEGSTLVVWQPGSSQPLTFIGRARP
DUH5	ARTDQPLRFAGQYADDSTGLHYNTFRFYDPDVGRFINQDPIGLNGGANVYHYAPNPVGWVDPWGLAGSYALGPYQISAPQLPAYNGQTVGTFYYVNDAGGLESKVFSSGGPTPYPNYANAGHVEGQSALFMRDNGISEGLVFHNNPEGTCGFCVNMTETLLPENAKMTVVPPEGAIPVKRGATGETKVFTGNSNSPKSPTKGGC
VWJ2	RLQGQYFDAETGLNYNRHRYFDPNSGIFISQDPIRLSGGLNLYQYAPETNNWIDPLGCSGHRRRHEKMPPEGAPLTTGNLFRHAQDEGIPPIFSRKDDEFYHRLIEIYAGTGVLNAYIRGIASHVEPKAGLILNEDGNGWKIGSLYINYPDGPCPGCRRLMPFILNDGSILYVTFPTLGLDGYSYGHFHGGVSGFFREGTPCNLRHPE
CJ70	RLQGQYFDAETGLNYNRHRYFDPNSGIFISQDPIRLSGGLNLYQYAPETNNWIDPLGCSGYRRRHEKMPPEGARLTTGNLFRHAQDEGIPPIFSSENDEFYHRLIEIYAGTGVLNAYIRGIASHVEPKAGLILNEDGSGWKIGSLYINYPDGPCLGCRRLMPFILNEGSILYVTFPTLGLDGYSYGHFHGREPGFFREGTPCNLRHPE
DWR5	RLQGQYFDAETGLNYNRHRYFDPNSGIFISQDPIRLSGGLNLYQYAPETNNWIDPLGCSGHRRRHEKMPPEGARLTTGNLFRHAQDEGISPILSSKNDEFYYRLIKIYAGTGMLNANIRGIASHVEPKAGLILNEDGSGWKIGSLYINYPNGPCLDCRTLMPFILNDGSILYVTFPTLGLDGYSYGHFHGREPGFFREGTPCNLPHPE
FBK9	RLQGQYFDAETGLNYNRHRYFDPNSGIFISQDPIRLSGGLNLYQYAPETNNWIDPLGCSGHRRRHEKMPPEGAPLTTGNLFRHAQDEGIPPIFSRKDDEFYRRLIEIYAGTGVLNAYIRGIASHVEPKAGLILNEDGSGWKIGSLYINYPNGPCLDCRRLMPFILNEGSILYVTFPTLGLDGYSYGHFHGREPGFFREGTPCNLRHPE
I146	RLQGQYFDAETGLNYNRHRYFDPNSGIFISQDPIRLSGGLNLYQYAPETNNWIDPLGCSGYRRRHEKMPPEGARLTTGNLFRHAQDEGIPPIFSSENDEFYYRLIKIYAGTGMLNANIRGIASHVEPKAGLILNEDGSGWKIGSLYINYPNGPCLDCRTLMPFILNEGSILYVTFPTLGLDGYSYGHFHGREPGFFREGTPCNLRHPE
I9V5	RLQGQYFDAETGLNYNRHRYFDPNSGIFISQDPIRLSGGLNLYQYAPETNNWIDPLGCSGYRRRHEKMPPEGARLTTGNLFRHAQDEGIPPIFSSENDEFYYRLIKIYAGTGILNANIRGIASHVEPKAGLILNEDGSGWKIGSLYINYPNGPCLDCRRLMPFILNEGSILYVTFPTLGLDGYSYGHFHGREPGFFREGTPCNLRHPE
L5F3	RLQGQYFDAETGLNYNRHRYFDPNSGIFISQDPIRLSGGLNLYQYAPETNNWIDPLGCSGHRRRHEKMPPEGAPLTTGNLFRHAQDEGIPPIFSRKDDEFYHRLIEIYAGTGVLNAYIRGIASHVEPKAGLILNEDGTGWKIGSLYINYPDGPCPGCRRLMPFILNDGSILYVTFPTLGLDGYSYGHFHGGVSGFFREGTPCNLRHPE
UU26	RLQGQYFDAETGLNYNRHRYFDPNSGIFISQDPIRLSGGLNLYQYAPETNNWIDPLGCSGHRRRHEKMPPEGAPLTTGNLFRHAQDEGIPPIFSRKDDEFYHRLIEIYAGTGVLNAYIRGIASHVEPKAGLILNEDGSGWKIGSLYINYPDGPCPDCRRLMPFILNDGSILYVTFPTLGLDGYSYGHFHGGVSGFFREGTPCNLRHPE
WCK2	RLQGQYFDAETGLNYNRHRYFDPNSGIFISQDPIRLSGGLNLYQYAPETNNWIDPLGCSGHRRRHEKMPPEGARLTTGNLFRHAQDEGIPPIFSRKNDEFYYRLIKIYAGTGMLNANIRGIASHVEPKAGLILNEDGSGWKIGSLYINYPNGPCLDCRTLMPFILNEGSILYVTFPTLGLDGYSYGHFHGREPGFFREGTPCNLRHPE
CAQ9	VDIPIRFQGQYHDEETGFDYNRYRYYDPELGSFISQDPIGLAGGPNLYRYAPETSRWSDPLGLAKSFDPFSVLPDREDEWTTGLLYFTRPIPGNGAALVSGTERDASGQTAEGRLYQQTANRLGAQARGAWTHVEPKAAMELAAHESKVGVLYMNNKNGPCPNCQRATPLFLPNGKILYVRYADTYGHFHGGRRGFERGFVFKGSACELCD
