name,sequence,pdb
6U08,GSYALGPYQISAPQLPAYNGQTVGTFYYVNDAGGLESKVFSSGGPTPYPNYANAGHVEGQSALFMRDNGISEGLVFHNNPEGTCGFCVNMTETLLPENAKMTVVPPEGAIPVKRGATGETKVFTGNSNSPKSP,6U08.pdb
XYI6,NLTPNLPNSVEKDVEVVEIAEKQAVVKSDTSNLKQSNMSITDRLAKQKEKQDNTNIIDNRPKLPDYDGKTTHGILVTPNSEHIPFSSGNPNPNYKNYIPASHVEGKSAIYMRENGITSGTIYYNNTDGTCPYCDKMLSTLLEEGSVLEVIPPINAKAPKPSWVDKPKTYIGNNKVPKPNK,XYI6.pdb
XG57,LLKDIDTKREAEEAALLREAYPSMEGATLPPFDGKTTIGLMFYTDASGQYQVKKLFSGEKVLSNYDATGHVEGKAALIMRNEKITEAVVMHNHPSGTCNYCDKQVETLLPKNATLRVIPPENAKAPTSYWNDQPTTYRGDGKDPKAPSKK,XG57.pdb
FZY2,MSLPEYDGTTTHGVLVLDDGTQIGFTSGNGDPRYTNYRNNGHVEQKSALYMRENNISNATVYHNNTNGTCGYCNTMTATFLPEGATLTVVPPENAVANNSRAIDYVKTYTGTSNDPKISPRYKGN,FZY2.pdb
Q2L7,IILATLPIGKVGKLRFAPKVESAESMLRSLSQEGKTAGVLDINGELIPLVSGTSSLKNYAASGHVEGQAALIMRERGVASARLIIDNPSGICGYCRSQVPTLLPAGATLEVTTPRGTVPPTARWSNGKTFVGNENDPKPWPR,Q2L7.pdb
HK75,PARIDQPLRYAGQYADDSTELHYNTFRFYDPDVGRFINQDPIGLMGGLNLYQYAPNSIAWTDWWGLAGSYTLGSYQISAPQLPAYNGQTVGTFYYVNGAGGLESRTFSSGGPTPYPNYANAGHVEGQSALFMRDNGISDGLVFHNNPEGTCGFCVNMTETLLPENSKLTVVPPEGAIPVKRGATGETRTFTGNSKSPKSPVKGEC,HK75.pdb
UYE9,PARIDQPLRYAGQYADDSTELHYNTFRFYDPDVGRFINQDPIGLMGGLNLYQYAPNSIAWTDWWGLAGSYTLGSYQISAPQLPAYNGQTVGTFYYVNDAGGLESRTFSSGGPTPYPNYANAGHVEGQSALFMRDNGISDGLVFHNNPEGTCGFCVNMTETLLPENSKLTVVPPEGSIPVKRGATGETRTFTGNSKSPKSPVKGGC,UYE9.pdb
QQV2,MSFSSGGPTPYPNYANAGHVEGQSALFMRDNGISEGLVFHNNPEGTCGFCVNMTETLLPENAKMTVVPPEGAIPVKRGATGETKVFARNSNSQKSPAKGGC,QQV2.pdb
UJV7,MGLVMEAPQGKGRTRANGEHVETHAAAFLRMNPGVRTAVLCIDYPTGTCGTCRSTLPDMMPEGVQLWVISRRTTEKFTGLPD,UJV7.pdb
H5T6,MGILDVGGDQLPMISGPGGQSGLLKNLPGRIKANAEHVETHAAAFLRMNPGVRKAMLYIDYPTGACGACRSTLPDMLPEGAQLWVISPRKTEKFVGLPD,H5T6.pdb
KCU5,MADKPLTLGVLRTPAGEFELASGWNGYGGMMAKGASGFDIVTRTHVEGQAAALMQKQGIQEGLLYINNPVICPSCMRNLPLMLSPDKYLIVVPFNGSGVNFMGVAK,KCU5.pdb
JRI9,MKNVDPTRGILDINGAEYQLKSGRPFPTGVYDYGKVDLSEDVQIALKHVEGHIASIMQENNISVAHVYINYIGGPCQFCRGQGMDTSEQELLGEGEMLFVTYPLPITHGKYWTWRFCHFIV,JRI9.pdb
Z4S0,EQCRGAVQQMDHVTSGVLDIQVDVVPFGSGPRSGGFVDDMGDWVPGMTQSNFHHVEMQAAAYMRRNDIKRGVLYINHPDGICQFCNGSAYTRPGGPPVRPIEDALPTGAQMWVYNQDGRFLGRFTGNYR,Z4S0.pdb
KZF3,NLDRQAQAEEPDRDTPRTVGILDVGNELLPFISGSHDGEGSNGRAPGTANGFSTHVEAKVAAFLHQNPHIRVAVLYVSYAGGACSTCARTLPAMLPTGVTLHVYGPNRRGGGWSSLPYVGN,KZF3.pdb
PGG0,TECQLVLNEEMKPVTSGILDIQVDEVPFASGPRQGGFVDDMGARVPGMTGTNFHHVEMQAAAYMRLNKLKKGVLYINHPEGICTSCTGAAYTRPGGPPVKPIEDALPEGAEMWIYNKAGQFLGKFTGNEL,PGG0.pdb
C918,QTHLTSGVLDIQVDQIPLGSGENAGGFLSRDNNAALGVNGVVDWRSIPGMTKENYHHVEMQAAAYMRLNNIRLGRLYINYKSGACGYCDGRWYHGGVNIEDALPHGAQLWVTVAGGRTVRYVGNRS,C918.pdb
CFI9,PGHDGAVGSLLVEGRPPMRIKSGVDGGPSGGTHRGGIPRGEGHAFTAGGPSQGNIATHVEGHSAAIMHQQGIQRATLVVSQPECKVCAANLPSALPPGAELRVIHPGGSETIYRANHAR,CFI9.pdb
L3C8,LRPSDRTETGMLYIPGLRSNPVKSGFEGGPWVGTQRGHVPRGKGSGYSSGAPSQGNIGTHVEGHAIQKMWEVGAKKAVLVVGSKPCGVCLRSIKNALPKGAELEVIYPAPNNPGSWNSSHFKGNEW,L3C8.pdb
XU80,ANGLPIWEVKLVNGKEVKQSTFGKLEIGGKILYIKSAEGYPSLMLKNNPRIPTNARSYTHVEGRAASIMRQSGIKSAKLTINNTNGVCDPCRGNMEKSLLPDGGKLNVRYPDGQGGYTQRILIKR,XU80.pdb
L9D3,ALAEAREDALLREQFPSMDAVTLPPFDGKTTIGYMFYTDANGQYHVRKLYSGGKVLSNYDSSGHVEGMAALIMRKGRITEAVVMHNHPSGTCHYCNGQVETLLPKNAKLKVIPPANAKAPTKYWYDQPVDYLGNSNDPKPPS,L9D3.pdb
M331,PGAKLPPGRPTKEDLQQGIGLLPKDYINRTVGILDVGGDQLPLISGSGQSQLLKTLPGRTSENSKHVEAHAAAFLRMNKGIRQAVLYIDYPEGACGYCRSALPTMLPPGTKLWIVSPRGTEKYVGNWR,M331.pdb
HR14,GHGLSTTGKNVLGHFEPTPTTPQGTSSDTIAEMLNSASQPGRTAGVLDIDGELTPLTSGRPSLPNYIASGHVEGQAAMIMRQQQVQSATVYHDNPNGTCGYCYSQLPTLLPEGAALDVVPPAGTVPPSNRWHNGGPSFIGNSSEPKPWPR,HR14.pdb
MLA9,DIHTYYVLAGQTPVLVHNANCGPHLKDLQKDYPRRTVGILDVGTDQLPMISGPGGQSGLLKNLPGRTKANGEHVETHAAAFLRMNPGVRKAVLYIDYPTGTCGTCRSTLPDMLPEGVQLWVISPRRTEKFTGLPD,MLA9.pdb
G4L8,DLHTYYVLAGQTPVLVHNANCGPHLKDLQKDYPRRTVGILDVGTDQLPMISGPGGQSGLLKNLPGRTKANGEHVETHAAAFLRMNPGVRKAVLYIDYPTGTCGTCRSTLPDMLPEGVQLWVISPRRTEKFTGLPD,G4L8.pdb
P7M9,DLHTYYVLAGETPVLVHNANCGPRLKDLQKDYPRRTVGILDVGTDQLPMISGPGGQSGLLKNLPGRTKANGEHVETHAAAFLRMNPGIRKAVLYIDYPTGTCGTCRSTLPDMLPEGVQLWVISPRRTEKFTGLPD,P7M9.pdb
RG11,GLHTYYVLAGQTPVLVHNANCGPNLKDLQKDYPRRTVGILDVGTDQLPMISGPGGQSGLLKNLPGRTKANGEHVETHAAAFLRMNSGIRKAVLYIDYPTGTCRTCKSTLPDMLPEGVQLWVISPRRTEKFTGLPD,RG11.pdb
T504,GLHTYHVLAGRTPVLVHNANCGPHLKDLQKDYPRRTVGILDVGTDQLPMISGPGGQSGLLKNLPGRTKANGEHVETHGAAFLRMNPGIRKAVLYIDYPTGTCGTCRSTLPDMLPEGVQLWVISPRRTEKFTGLPD,T504.pdb
JXM3,LAAIFGTKAGGSGRPKTKANIGLSLKDLNKDYPRRTVGILDVGHDQLPMISGPGGQSAVLKNLPGRTKVNAEHVETHAAAFLRMNPGVKKAVLYIDYPTGTCGTCGRTLPDMLPEGVEMRVISPKKTEIFVGLPD,JXM3.pdb
S3U1,LTVHQLHTYYVLAGRTPVLVHNANCGPALKDLEKDYPRRTVGILDVGNDQLPMISGPGGQSDLLDNLPGRTKANFNHVETHAAAFLRMNPGIRKAVLYIDYPTGACGTCASTLPDMLPEGAQLWVISPGRTEKFVGLPD,S3U1.pdb
FE83,AAGTSVLNHNTSGEACEVWASEQTHQTSGVLDTQVEQIPLGSGPDSGGFLSRDGNAARDTNGVVDWRTIPGMTEQNRHHVEMQAAAYMRLNNIRQGRVYINHPDGVCGYCDGRFDYGGINIEDALPHGADLWVTVAGGGTTHFRGNRR,FE83.pdb
C153,HNLTVGDLHTFYVVAAGTSVLNHNTSGQACEVWTSQQTHQTSGVLDTQVDQIPLGSGPDSGGFLSQDSNAVSGTNGVVDWRTIPGMTQENRHHVEMQAAAYMRLNNIRQGRVYINHPGGVCGYCDGRFYQGGVNIEDALPHGAELWVTVVGGGTTYFRGNRR,C153.pdb
WC03,DVNGNVLLVENFDVELTDEPTTVYNFQVEDFHTYHVGKCRLLVHNANCNQEKPVLPKYDGKTTEGVMVTPDGKQISFKSGNSSTPSYPQYKAQSASHVEGKAALYMRENGINEATVFHNNPNGTCGFCDRQVPALLPKGAKLTVVPPSNSVANNVRAIPVPKTYIGNSTVPKIK,WC03.pdb
JV42,RWTAPQARVHNLTVSDVHTYYVLAGIAPVLVHNCEDMDDHARASENAAFSKNPEKATGGVLHIDGHGSFDLDSASLHPAVRADILRSGVGRVGDDFYGSHVEIQAAFLMRKFGGEGAVGRLMITHERGMCGFCRGNVASLLPAGASLTVRFGRAGRFFQAGRYFG,JV42.pdb
RVN8,RWWNSTANRAATPQEAAAANRAVAAARAPASTRYVINNGLPPSLPSYTLNNPHGRVTGLLIFQEGGQTKYVRLVSGENNARAARLASARNLPGANNANWHHVEFQALEIMRQRGITNATLLHNYPNGLPCGACMPIRGGVRDLSRLQGSLSSGSELNIFGLVPSPAGSTRSPWMVSPAGSVRVTGTW,RVN8.pdb
R3M3,HRVIELITTYRRGLEIQQAVDSTPPSAAHPSTVGRIPTDAARDRTWADQVRKRLPKWMDGNQTTGFGYDHDGTEHRMTSGYDLSLSEPARLTLHNSETFPTDDRGAPTVTLHVEVKYAQMMRRAGQTYGVVIINKLMCDGCRDAVPEILPQGSVLAVWEPGAAQPHILKGAARP,R3M3.pdb
QKZ8,SRVIELITTYRRGLEVQSAVDSTPPSAAHPSTAGRIPTDAAHDRDWANQVRKRLPKWMDGHQTTGFGYDCDGTEHRITSGYDLSLSEPARLALHNSETFPTDDRGAPTVTLHVEVKYAQMMRRAGQTYGVVIINKLMCDGCRDAVPEILPQGSVLAVWEPGAAQPHILKGAARP,QKZ8.pdb
HSX7,GWAVVVVLVVIVAKSCGIDLIPFSDDGCDAASDAVAHAESSECEDLKQAALDPNWATQQQERPELVRGKTTTGLFFELSPDDYIALSSGSDDLSERAASLLRDIGYDNPDPNPATHVEAKIAAKMHDASTLFGVLVINNTFVCGGCNDAVRALLPEGATLWIWTKSARQVLVIKGRG,HSX7.pdb
QKA9,TDDVLALSETTREHLVSYLATLGMTDDQPPPSLPHPSTHPRIPTHTSHDHSWIEQVRQRLPEHTGGQTTGLTYDQDGTELQVNSGRDPKLSEQARLILHNSERFPTDDRGEPTVTMHVEVKYALMMRQAGQTYGVVVLNNELCRGCEKAVPEILPKGSTLKVWHPGTPETITLRGKARP,QKA9.pdb
RZG6,IDDVLALSETTRGHLVSYLATLGMTEDQPPPSLPHPSTHPRIPTDASRDRSWIEQVRQRLPEHTGGQTTGLTYDQDGTELQVNSGRDPKLSEQARLILHNSERFPTDDRGEPTVTMHVEVKYALMMRQAGQTYGVVVLNNELCRGCEKAVPEILPKGSTLKVWHPGTPETITLRGKARP,RZG6.pdb
J3E1,GLSGIASSATKGSVLVRQLDDVGRNLDDVVEVAEDVSKSSIDLNKIASESTKKAREFYPEHKGAVGSLFTEESADPMLIKSGVEGGPWGGTQRGGIPRGKTYGFTSGGPSQGNIATHVEGHSAAIMHQRGLKKGVLFVDRAICSICSRDLPDALPAGSTLRVITPEGTTTFRSSHFK,J3E1.pdb
Q3M4,ELIHAYQAGHRVIELITTYRRCLEVQQAIDTIPPSAAHPSTAGRVPTDAARDPKWADQIRKRLPSRGDGGQTIGFGFDRDGTELHITSGHDVSLSEPARLTLHNSRNFWTDSRGAPTVTLHVEVKYVEMMRQAGQTYGVVVVNNEVCMGCRSAVPELLPEGSTLVVWQPGSSQPLTFIGRARP,Q3M4.pdb
DUH5,ARTDQPLRFAGQYADDSTGLHYNTFRFYDPDVGRFINQDPIGLNGGANVYHYAPNPVGWVDPWGLAGSYALGPYQISAPQLPAYNGQTVGTFYYVNDAGGLESKVFSSGGPTPYPNYANAGHVEGQSALFMRDNGISEGLVFHNNPEGTCGFCVNMTETLLPENAKMTVVPPEGAIPVKRGATGETKVFTGNSNSPKSPTKGGC,DUH5.pdb
VWJ2,RLQGQYFDAETGLNYNRHRYFDPNSGIFISQDPIRLSGGLNLYQYAPETNNWIDPLGCSGHRRRHEKMPPEGAPLTTGNLFRHAQDEGIPPIFSRKDDEFYHRLIEIYAGTGVLNAYIRGIASHVEPKAGLILNEDGNGWKIGSLYINYPDGPCPGCRRLMPFILNDGSILYVTFPTLGLDGYSYGHFHGGVSGFFREGTPCNLRHPE,VWJ2.pdb
CJ70,RLQGQYFDAETGLNYNRHRYFDPNSGIFISQDPIRLSGGLNLYQYAPETNNWIDPLGCSGYRRRHEKMPPEGARLTTGNLFRHAQDEGIPPIFSSENDEFYHRLIEIYAGTGVLNAYIRGIASHVEPKAGLILNEDGSGWKIGSLYINYPDGPCLGCRRLMPFILNEGSILYVTFPTLGLDGYSYGHFHGREPGFFREGTPCNLRHPE,CJ70.pdb
DWR5,RLQGQYFDAETGLNYNRHRYFDPNSGIFISQDPIRLSGGLNLYQYAPETNNWIDPLGCSGHRRRHEKMPPEGARLTTGNLFRHAQDEGISPILSSKNDEFYYRLIKIYAGTGMLNANIRGIASHVEPKAGLILNEDGSGWKIGSLYINYPNGPCLDCRTLMPFILNDGSILYVTFPTLGLDGYSYGHFHGREPGFFREGTPCNLPHPE,DWR5.pdb
FBK9,RLQGQYFDAETGLNYNRHRYFDPNSGIFISQDPIRLSGGLNLYQYAPETNNWIDPLGCSGHRRRHEKMPPEGAPLTTGNLFRHAQDEGIPPIFSRKDDEFYRRLIEIYAGTGVLNAYIRGIASHVEPKAGLILNEDGSGWKIGSLYINYPNGPCLDCRRLMPFILNEGSILYVTFPTLGLDGYSYGHFHGREPGFFREGTPCNLRHPE,FBK9.pdb
I146,RLQGQYFDAETGLNYNRHRYFDPNSGIFISQDPIRLSGGLNLYQYAPETNNWIDPLGCSGYRRRHEKMPPEGARLTTGNLFRHAQDEGIPPIFSSENDEFYYRLIKIYAGTGMLNANIRGIASHVEPKAGLILNEDGSGWKIGSLYINYPNGPCLDCRTLMPFILNEGSILYVTFPTLGLDGYSYGHFHGREPGFFREGTPCNLRHPE,I146.pdb
I9V5,RLQGQYFDAETGLNYNRHRYFDPNSGIFISQDPIRLSGGLNLYQYAPETNNWIDPLGCSGYRRRHEKMPPEGARLTTGNLFRHAQDEGIPPIFSSENDEFYYRLIKIYAGTGILNANIRGIASHVEPKAGLILNEDGSGWKIGSLYINYPNGPCLDCRRLMPFILNEGSILYVTFPTLGLDGYSYGHFHGREPGFFREGTPCNLRHPE,I9V5.pdb
L5F3,RLQGQYFDAETGLNYNRHRYFDPNSGIFISQDPIRLSGGLNLYQYAPETNNWIDPLGCSGHRRRHEKMPPEGAPLTTGNLFRHAQDEGIPPIFSRKDDEFYHRLIEIYAGTGVLNAYIRGIASHVEPKAGLILNEDGTGWKIGSLYINYPDGPCPGCRRLMPFILNDGSILYVTFPTLGLDGYSYGHFHGGVSGFFREGTPCNLRHPE,L5F3.pdb
UU26,RLQGQYFDAETGLNYNRHRYFDPNSGIFISQDPIRLSGGLNLYQYAPETNNWIDPLGCSGHRRRHEKMPPEGAPLTTGNLFRHAQDEGIPPIFSRKDDEFYHRLIEIYAGTGVLNAYIRGIASHVEPKAGLILNEDGSGWKIGSLYINYPDGPCPDCRRLMPFILNDGSILYVTFPTLGLDGYSYGHFHGGVSGFFREGTPCNLRHPE,UU26.pdb
WCK2,RLQGQYFDAETGLNYNRHRYFDPNSGIFISQDPIRLSGGLNLYQYAPETNNWIDPLGCSGHRRRHEKMPPEGARLTTGNLFRHAQDEGIPPIFSRKNDEFYYRLIKIYAGTGMLNANIRGIASHVEPKAGLILNEDGSGWKIGSLYINYPNGPCLDCRTLMPFILNEGSILYVTFPTLGLDGYSYGHFHGREPGFFREGTPCNLRHPE,WCK2.pdb
CAQ9,VDIPIRFQGQYHDEETGFDYNRYRYYDPELGSFISQDPIGLAGGPNLYRYAPETSRWSDPLGLAKSFDPFSVLPDREDEWTTGLLYFTRPIPGNGAALVSGTERDASGQTAEGRLYQQTANRLGAQARGAWTHVEPKAAMELAAHESKVGVLYMNNKNGPCPNCQRATPLFLPNGKILYVRYADTYGHFHGGRRGFERGFVFKGSACELCD,CAQ9.pdb
